,Node1,Node2
0,2,83
1,2,169
2,2,3
3,2,171
4,2,52
5,2,51
6,2,4
7,3,5
8,3,52
9,3,51
10,3,83
11,3,53
12,3,4
13,3,84
14,3,82
15,4,6
16,4,85
17,4,52
18,4,84
19,4,82
20,4,53
21,4,83
22,4,54
23,4,5
24,5,56
25,5,55
26,5,82
27,5,53
28,5,7
29,5,85
30,5,86
31,5,6
32,5,54
33,5,84
34,6,54
35,6,7
36,6,55
37,6,86
38,6,85
39,6,8
40,6,56
41,6,14
42,6,87
43,7,55
44,7,88
45,7,86
46,7,56
47,7,57
48,7,8
49,7,85
50,7,87
51,8,88
52,8,12
53,8,9
54,8,10
55,8,87
56,8,89
57,9,98
58,9,61
59,9,58
60,9,11
61,9,10
62,9,12
63,9,99
64,10,11
65,10,12
66,11,12
67,11,13
68,12,88
69,12,90
70,12,118
71,12,89
72,12,14
73,12,13
74,13,16
75,13,15
76,13,17
77,13,118
78,13,14
79,14,55
80,14,18
81,14,16
82,14,15
83,14,17
84,14,88
85,15,17
86,15,18
87,15,19
88,15,55
89,15,16
90,16,18
91,16,148
92,16,20
93,16,19
94,16,147
95,16,17
96,17,147
97,17,21
98,17,19
99,17,20
100,17,18
101,18,20
102,18,22
103,18,21
104,18,19
105,18,55
106,19,23
107,19,20
108,19,22
109,19,21
110,20,21
111,20,22
112,20,23
113,20,147
114,21,44
115,21,23
116,21,22
117,22,44
118,22,42
119,22,23
120,22,43
121,38,39
122,38,40
123,38,422
124,39,41
125,39,422
126,39,40
127,39,421
128,39,423
129,40,368
130,40,42
131,40,423
132,40,364
133,40,55
134,40,367
135,40,422
136,40,41
137,40,54
138,41,53
139,41,42
140,41,423
141,41,54
142,41,55
143,41,422
144,41,364
145,42,54
146,42,52
147,42,53
148,42,43
149,42,44
150,43,50
151,43,45
152,43,44
153,43,53
154,43,52
155,43,51
156,44,45
157,44,51
158,44,52
159,44,53
160,44,46
161,44,50
162,45,48
163,45,49
164,45,46
165,45,51
166,45,50
167,45,47
168,46,48
169,46,50
170,46,49
171,46,47
172,47,48
173,47,49
174,48,50
175,48,49
176,48,172
177,49,50
178,49,171
179,49,172
180,50,172
181,50,171
182,50,51
183,51,52
184,51,171
185,51,53
186,52,54
187,52,53
188,53,54
189,53,55
190,54,56
191,54,55
192,54,364
193,55,57
194,55,56
195,56,364
196,56,58
197,56,363
198,56,57
199,56,59
200,56,367
201,57,58
202,57,367
203,57,59
204,58,59
205,58,61
206,58,367
207,58,60
208,59,366
209,59,61
210,59,367
211,59,60
212,60,62
213,60,63
214,60,61
215,61,102
216,61,63
217,61,62
218,62,65
219,62,101
220,62,63
221,62,64
222,63,65
223,63,101
224,63,66
225,63,102
226,63,64
227,63,105
228,64,66
229,64,101
230,64,65
231,65,67
232,65,66
233,66,72
234,66,67
235,66,68
236,67,68
237,67,69
238,68,72
239,68,69
240,68,70
241,69,70
242,69,72
243,69,73
244,70,73
245,70,72
246,70,74
247,72,74
248,72,75
249,72,73
250,72,76
251,73,77
252,73,75
253,73,76
254,73,74
255,74,76
256,74,75
257,74,77
258,75,76
259,75,79
260,75,77
261,76,109
262,76,79
263,76,77
264,76,80
265,77,80
266,77,81
267,77,79
268,79,81
269,79,80
270,79,82
271,80,109
272,80,111
273,80,81
274,80,82
275,81,83
276,81,361
277,81,82
278,82,85
279,82,83
280,82,84
281,83,84
282,84,85
283,84,112
284,84,111
285,84,113
286,84,86
287,85,114
288,85,113
289,85,87
290,85,86
291,85,112
292,86,114
293,86,113
294,86,88
295,86,115
296,86,116
297,86,87
298,87,116
299,87,88
300,87,115
301,87,113
302,87,114
303,87,89
304,88,115
305,88,118
306,88,116
307,88,89
308,88,90
309,88,117
310,89,91
311,89,117
312,89,118
313,89,90
314,89,116
315,90,91
316,90,117
317,90,94
318,90,93
319,90,92
320,90,119
321,90,118
322,91,118
323,91,93
324,91,94
325,91,119
326,91,120
327,91,92
328,91,117
329,91,126
330,91,130
331,92,126
332,92,94
333,92,93
334,92,120
335,92,119
336,92,130
337,93,95
338,93,94
339,94,96
340,94,95
341,94,130
342,95,99
343,95,133
344,95,96
345,95,134
346,96,100
347,96,98
348,96,99
349,96,97
350,97,100
351,97,99
352,97,98
353,97,101
354,98,102
355,98,99
356,98,100
357,98,101
358,99,102
359,99,103
360,99,100
361,99,101
362,100,137
363,100,104
364,100,101
365,100,102
366,100,103
367,101,105
368,101,104
369,101,103
370,101,102
371,102,104
372,102,103
373,102,105
374,102,106
375,103,105
376,103,137
377,103,106
378,103,107
379,103,104
380,104,108
381,104,107
382,104,106
383,104,105
384,105,107
385,105,108
386,105,109
387,105,106
388,106,111
389,106,109
390,106,108
391,106,110
392,106,107
393,107,109
394,107,108
395,107,110
396,108,109
397,108,110
398,109,110
399,109,111
400,110,112
401,110,111
402,111,112
403,111,113
404,112,113
405,113,114
406,113,115
407,114,139
408,114,115
409,114,116
410,115,142
411,115,139
412,115,116
413,115,143
414,115,117
415,116,142
416,116,118
417,116,144
418,116,143
419,116,117
420,117,145
421,117,144
422,117,118
423,117,142
424,117,119
425,117,120
426,117,143
427,118,119
428,118,120
429,118,144
430,118,147
431,118,146
432,118,145
433,119,145
434,119,146
435,119,121
436,119,120
437,120,146
438,120,121
439,120,145
440,120,122
441,120,123
442,120,144
443,120,126
444,121,123
445,121,145
446,121,122
447,121,151
448,121,146
449,122,123
450,122,125
451,122,124
452,122,126
453,123,127
454,123,125
455,123,126
456,123,124
457,124,125
458,124,127
459,124,126
460,124,128
461,125,128
462,125,127
463,125,129
464,125,126
465,126,131
466,126,127
467,126,130
468,126,128
469,126,129
470,127,128
471,127,131
472,127,132
473,127,129
474,127,130
475,128,130
476,128,129
477,128,131
478,129,130
479,129,131
480,130,131
481,130,133
482,130,134
483,130,132
484,131,132
485,131,134
486,131,133
487,132,133
488,132,135
489,132,134
490,133,136
491,133,135
492,133,134
493,134,137
494,134,136
495,134,135
496,134,142
497,135,137
498,135,140
499,135,136
500,135,141
501,135,139
502,135,138
503,136,137
504,136,138
505,137,139
506,137,138
507,138,140
508,138,139
509,139,141
510,139,140
511,140,141
512,140,142
513,141,142
514,141,143
515,142,143
516,142,144
517,143,145
518,143,144
519,144,145
520,145,146
521,145,152
522,145,153
523,145,147
524,145,151
525,146,148
526,146,147
527,146,149
528,146,151
529,146,150
530,147,150
531,147,148
532,147,151
533,147,149
534,148,150
535,148,149
536,149,150
537,149,151
538,150,152
539,150,153
540,150,151
541,151,152
542,151,153
543,152,154
544,152,153
545,152,155
546,153,154
547,153,157
548,153,155
549,154,157
550,154,155
551,154,158
552,155,157
553,155,158
554,155,159
555,157,159
556,157,161
557,157,158
558,157,160
559,158,159
560,158,160
561,158,161
562,158,162
563,159,163
564,159,162
565,159,161
566,159,160
567,160,162
568,160,164
569,160,163
570,160,161
571,161,165
572,161,162
573,161,164
574,161,163
575,162,165
576,162,164
577,162,166
578,162,163
579,163,167
580,163,164
581,163,165
582,163,166
583,164,166
584,164,165
585,164,167
586,164,168
587,164,169
588,165,166
589,165,170
590,165,167
591,165,169
592,165,168
593,166,168
594,166,167
595,167,169
596,167,168
597,168,170
598,168,169
599,169,170
600,169,171
601,170,171
602,170,173
603,170,172
604,171,173
605,171,172
606,172,174
607,172,173
608,173,175
609,173,174
610,174,176
611,174,175
612,175,176
613,175,177
614,176,178
615,176,177
616,177,179
617,177,178
618,178,180
619,178,179
620,179,181
621,179,180
622,180,231
623,180,230
624,180,229
625,180,182
626,180,181
627,181,183
628,181,230
629,181,265
630,181,231
631,181,229
632,181,182
633,182,231
634,182,184
635,182,232
636,182,233
637,182,183
638,182,265
639,182,230
640,182,266
641,182,264
642,183,232
643,183,231
644,183,265
645,183,264
646,183,185
647,183,266
648,183,267
649,183,184
650,183,233
651,184,267
652,184,232
653,184,264
654,184,266
655,184,185
656,184,186
657,184,268
658,184,233
659,184,261
660,184,260
661,185,193
662,185,186
663,185,269
664,185,268
665,185,267
666,186,268
667,186,187
668,186,193
669,186,269
670,186,257
671,186,270
672,187,269
673,187,193
674,187,270
675,187,191
676,187,189
677,187,271
678,187,188
679,188,191
680,188,189
681,188,190
682,189,191
683,189,190
684,190,192
685,190,191
686,191,272
687,191,270
688,191,192
689,191,193
690,191,300
691,191,271
692,192,196
693,192,300
694,192,195
695,192,336
696,192,194
697,192,193
698,193,197
699,193,270
700,193,238
701,193,194
702,193,196
703,193,195
704,194,195
705,194,238
706,194,196
707,194,198
708,194,197
709,195,199
710,195,337
711,195,196
712,195,336
713,195,197
714,195,198
715,196,197
716,196,199
717,196,336
718,196,198
719,196,200
720,197,198
721,197,201
722,197,238
723,197,199
724,197,200
725,198,200
726,198,201
727,198,199
728,198,202
729,199,339
730,199,336
731,199,342
732,199,202
733,199,203
734,199,201
735,199,200
736,200,203
737,200,342
738,200,202
739,200,206
740,200,201
741,201,202
742,201,203
743,201,206
744,201,207
745,202,203
746,202,204
747,203,206
748,203,205
749,203,204
750,204,205
751,204,206
752,205,206
753,205,226
754,205,225
755,206,224
756,206,223
757,206,226
758,206,225
759,206,207
760,207,208
761,207,225
762,207,224
763,207,209
764,207,223
765,208,209
766,208,223
767,208,222
768,208,224
769,208,210
770,209,224
771,209,223
772,209,211
773,209,222
774,209,210
775,210,211
776,210,212
777,211,212
778,219,234
779,219,220
780,219,233
781,219,236
782,219,235
783,220,235
784,220,222
785,220,233
786,220,232
787,220,231
788,220,221
789,220,234
790,221,231
791,221,232
792,221,223
793,221,235
794,221,222
795,221,233
796,222,224
797,222,232
798,222,231
799,222,230
800,222,223
801,223,225
802,223,229
803,223,231
804,223,224
805,223,230
806,224,225
807,224,226
808,224,230
809,224,227
810,224,229
811,224,228
812,225,229
813,225,227
814,225,226
815,225,228
816,226,228
817,226,227
818,227,228
819,227,229
820,228,230
821,228,229
822,229,231
823,229,230
824,230,232
825,230,231
826,231,232
827,231,233
828,232,233
829,232,234
830,232,235
831,233,235
832,233,234
833,233,264
834,233,260
835,234,260
836,234,236
837,234,235
838,234,237
839,235,237
840,235,236
841,235,238
842,236,237
843,236,238
844,237,238
845,250,252
846,250,251
847,251,254
848,251,253
849,251,252
850,252,254
851,252,253
852,253,255
853,253,254
854,254,258
855,254,256
856,254,255
857,254,257
858,255,256
859,255,257
860,255,259
861,255,258
862,256,258
863,256,260
864,256,259
865,256,257
866,257,258
867,257,260
868,257,261
869,257,259
870,258,259
871,258,261
872,258,262
873,258,260
874,259,263
875,259,261
876,259,262
877,259,260
878,260,264
879,260,261
880,260,262
881,260,263
882,261,262
883,261,267
884,261,264
885,261,263
886,262,291
887,262,264
888,262,263
889,263,264
890,263,265
891,264,265
892,264,267
893,264,266
894,265,267
895,265,294
896,265,293
897,265,266
898,266,268
899,266,294
900,266,293
901,266,267
902,266,352
903,266,295
904,266,353
905,267,293
906,267,268
907,267,296
908,267,269
909,267,294
910,267,295
911,268,297
912,268,270
913,268,269
914,268,295
915,268,296
916,269,271
917,269,297
918,269,270
919,269,296
920,269,298
921,270,272
922,270,271
923,270,297
924,270,300
925,270,298
926,270,299
927,271,272
928,271,299
929,271,298
930,271,277
931,271,273
932,271,300
933,272,274
934,272,301
935,272,273
936,272,275
937,272,299
938,272,300
939,272,276
940,273,300
941,273,299
942,273,302
943,273,276
944,273,301
945,273,274
946,273,305
947,273,275
948,274,301
949,274,276
950,274,305
951,274,304
952,274,275
953,275,276
954,275,277
955,276,277
956,276,278
957,277,278
958,277,279
959,277,322
960,277,281
961,278,281
962,278,280
963,278,282
964,278,279
965,279,283
966,279,280
967,279,282
968,279,281
969,280,281
970,280,283
971,280,282
972,281,282
973,281,285
974,281,283
975,282,286
976,282,322
977,282,283
978,282,323
979,282,285
980,283,286
981,283,287
982,283,285
983,285,325
984,285,286
985,285,323
986,285,287
987,285,289
988,285,326
989,286,325
990,286,287
991,286,290
992,286,289
993,287,291
994,287,290
995,287,289
996,289,293
997,289,292
998,289,290
999,289,430
1000,289,291
1001,289,326
1002,289,325
1003,290,292
1004,290,291
1005,291,293
1006,291,292
1007,292,394
1008,292,294
1009,292,293
1010,292,430
1011,293,394
1012,293,430
1013,293,294
1014,293,295
1015,293,429
1016,294,428
1017,294,352
1018,294,295
1019,294,356
1020,294,430
1021,294,429
1022,294,353
1023,295,329
1024,295,429
1025,295,428
1026,295,352
1027,295,296
1028,295,297
1029,296,330
1030,296,329
1031,296,428
1032,296,298
1033,296,297
1034,296,331
1035,296,348
1036,297,331
1037,297,298
1038,297,299
1039,297,329
1040,297,332
1041,297,330
1042,298,299
1043,298,332
1044,298,333
1045,298,300
1046,298,331
1047,298,334
1048,299,332
1049,299,334
1050,299,300
1051,299,301
1052,299,302
1053,299,333
1054,300,302
1055,300,334
1056,300,335
1057,300,333
1058,300,336
1059,300,301
1060,301,302
1061,301,334
1062,301,303
1063,301,335
1064,301,304
1065,301,336
1066,302,335
1067,302,305
1068,302,304
1069,302,334
1070,302,303
1071,302,333
1072,303,304
1073,303,335
1074,303,305
1075,304,306
1076,304,305
1077,305,306
1078,305,308
1079,305,307
1080,306,307
1081,306,308
1082,307,308
1083,307,311
1084,307,310
1085,307,309
1086,308,309
1087,308,310
1088,308,311
1089,309,310
1090,309,311
1091,309,312
1092,310,311
1093,310,312
1094,311,313
1095,311,312
1096,311,314
1097,311,315
1098,312,315
1099,312,316
1100,312,314
1101,312,313
1102,313,314
1103,313,317
1104,313,315
1105,313,316
1106,314,316
1107,314,317
1108,314,315
1109,314,318
1110,315,317
1111,315,319
1112,315,318
1113,315,316
1114,316,320
1115,316,318
1116,316,319
1117,316,317
1118,317,319
1119,317,320
1120,317,321
1121,317,318
1122,318,320
1123,318,319
1124,318,322
1125,318,321
1126,319,323
1127,319,321
1128,319,322
1129,319,320
1130,320,327
1131,320,324
1132,320,322
1133,320,323
1134,320,321
1135,321,323
1136,321,324
1137,321,322
1138,322,323
1139,322,324
1140,323,326
1141,323,327
1142,323,325
1143,323,324
1144,324,327
1145,324,325
1146,324,326
1147,325,327
1148,325,326
1149,326,327
1150,326,328
1151,326,329
1152,327,329
1153,327,328
1154,328,329
1155,328,428
1156,328,427
1157,328,429
1158,328,430
1159,328,330
1160,329,427
1161,329,429
1162,329,330
1163,329,331
1164,329,428
1165,330,427
1166,330,332
1167,330,331
1168,330,428
1169,330,348
1170,331,333
1171,331,332
1172,332,344
1173,332,334
1174,332,333
1175,333,341
1176,333,334
1177,334,335
1178,334,341
1179,334,342
1180,334,340
1181,334,336
1182,335,339
1183,335,340
1184,335,337
1185,335,336
1186,335,338
1187,336,339
1188,336,337
1189,336,340
1190,336,338
1191,337,338
1192,337,339
1193,338,340
1194,338,339
1195,339,341
1196,339,340
1197,339,342
1198,340,341
1199,340,342
1200,341,342
1201,341,344
1202,341,343
1203,342,343
1204,342,344
1205,342,346
1206,343,346
1207,343,347
1208,343,344
1209,344,347
1210,344,346
1211,344,348
1212,346,347
1213,346,348
1214,346,350
1215,347,348
1216,347,351
1217,347,350
1218,348,351
1219,348,350
1220,348,352
1221,350,352
1222,350,354
1223,350,353
1224,350,351
1225,351,428
1226,351,352
1227,351,354
1228,351,353
1229,351,355
1230,352,428
1231,352,354
1232,352,427
1233,352,356
1234,352,429
1235,352,353
1236,352,355
1237,353,354
1238,353,356
1239,353,355
1240,353,357
1241,354,355
1242,354,357
1243,354,358
1244,354,356
1245,355,356
1246,355,357
1247,355,426
1248,355,428
1249,355,358
1250,355,427
1251,355,429
1252,356,358
1253,356,394
1254,356,392
1255,356,395
1256,356,429
1257,356,357
1258,356,393
1259,357,395
1260,357,392
1261,357,359
1262,357,393
1263,357,358
1264,358,395
1265,358,360
1266,358,392
1267,358,359
1268,359,360
1269,359,361
1270,359,392
1271,359,389
1272,360,389
1273,360,362
1274,360,361
1275,361,364
1276,361,365
1277,361,363
1278,361,362
1279,362,363
1280,362,366
1281,362,387
1282,362,365
1283,362,364
1284,362,389
1285,362,388
1286,363,365
1287,363,364
1288,363,366
1289,363,367
1290,364,368
1291,364,365
1292,364,423
1293,364,367
1294,364,366
1295,365,388
1296,365,368
1297,365,367
1298,365,387
1299,365,366
1300,365,423
1301,365,419
1302,365,369
1303,366,367
1304,366,386
1305,366,370
1306,366,369
1307,366,368
1308,366,387
1309,367,368
1310,367,371
1311,367,370
1312,367,369
1313,368,418
1314,368,372
1315,368,423
1316,368,369
1317,368,370
1318,368,371
1319,368,422
1320,369,373
1321,369,370
1322,369,371
1323,369,372
1324,370,372
1325,370,374
1326,370,371
1327,370,373
1328,371,373
1329,371,374
1330,371,372
1331,372,374
1332,372,373
1333,372,376
1334,372,375
1335,373,374
1336,373,376
1337,373,375
1338,373,377
1339,374,376
1340,374,375
1341,375,377
1342,375,376
1343,376,378
1344,376,377
1345,377,379
1346,377,378
1347,378,382
1348,378,379
1349,378,380
1350,379,382
1351,379,380
1352,379,381
1353,380,381
1354,380,406
1355,380,382
1356,381,383
1357,381,382
1358,382,403
1359,382,402
1360,382,383
1361,382,406
1362,382,384
1363,383,402
1364,383,401
1365,383,385
1366,383,384
1367,384,401
1368,384,385
1369,384,400
1370,384,399
1371,384,402
1372,384,386
1373,385,386
1374,385,400
1375,385,401
1376,386,387
1377,386,399
1378,386,400
1379,387,397
1380,387,399
1381,387,400
1382,387,398
1383,387,388
1384,388,399
1385,388,398
1386,388,390
1387,388,397
1388,388,389
1389,389,398
1390,389,390
1391,389,391
1392,389,397
1393,389,396
1394,390,398
1395,390,391
1396,390,396
1397,390,397
1398,391,396
1399,391,395
1400,391,394
1401,391,393
1402,391,392
1403,392,394
1404,392,396
1405,392,393
1406,392,395
1407,393,395
1408,393,394
1409,394,395
1410,394,429
1411,394,432
1412,394,430
1413,394,396
1414,394,431
1415,395,432
1416,395,396
1417,395,431
1418,395,397
1419,396,397
1420,396,431
1421,396,433
1422,396,432
1423,396,398
1424,397,398
1425,397,433
1426,397,399
1427,397,434
1428,397,432
1429,398,399
1430,398,434
1431,398,435
1432,398,400
1433,398,433
1434,399,434
1435,399,401
1436,399,436
1437,399,435
1438,399,400
1439,400,437
1440,400,435
1441,400,436
1442,400,438
1443,400,401
1444,401,403
1445,401,404
1446,401,438
1447,401,435
1448,401,436
1449,401,402
1450,401,437
1451,402,403
1452,402,437
1453,402,439
1454,402,438
1455,402,404
1456,403,404
1457,403,405
1458,403,437
1459,403,406
1460,404,407
1461,404,405
1462,404,437
1463,404,406
1464,404,436
1465,404,435
1466,405,407
1467,405,406
1468,406,408
1469,406,407
1470,407,408
1471,407,411
1472,407,409
1473,408,411
1474,408,409
1475,408,410
1476,408,412
1477,409,410
1478,409,411
1479,409,413
1480,409,412
1481,410,414
1482,410,411
1483,410,413
1484,410,412
1485,411,413
1486,411,414
1487,411,412
1488,411,415
1489,412,416
1490,412,415
1491,412,413
1492,412,414
1493,413,415
1494,413,417
1495,413,414
1496,413,416
1497,414,416
1498,414,417
1499,414,418
1500,414,415
1501,415,417
1502,415,418
1503,415,416
1504,415,419
1505,416,431
1506,416,420
1507,416,417
1508,416,418
1509,416,419
1510,417,421
1511,417,418
1512,417,420
1513,417,419
1514,418,419
1515,418,421
1516,418,422
1517,418,420
1518,419,420
1519,419,421
1520,419,422
1521,419,424
1522,419,423
1523,420,426
1524,420,422
1525,420,423
1526,420,424
1527,420,421
1528,420,425
1529,421,423
1530,421,425
1531,421,424
1532,421,422
1533,422,424
1534,422,423
1535,423,425
1536,423,424
1537,424,425
1538,424,426
1539,425,427
1540,425,426
1541,426,428
1542,426,429
1543,426,427
1544,427,428
1545,427,429
1546,428,429
1547,429,430
1548,429,431
1549,430,432
1550,430,431
1551,431,432
1552,431,433
1553,432,433
1554,432,434
1555,433,435
1556,433,434
1557,434,435
1558,435,436
1559,435,437
1560,436,437
1561,436,438
1562,437,438
1563,438,439
